{"cameraMode":{"drawMode":0,"name":"Shaded","section":"Shading Mode"},"sceneLighting":true,"audioPlay":false,"sceneViewState":{"showFog":true,"showMaterialUpdate":true,"showSkybox":true,"showFlares":true,"showImageEffects":true,"showParticleSystems":true},"in2DMode":false,"pivot":{"x":9.389286041259766,"y":0.7364048957824707,"z":11.05292797088623},"rotation":{"x":-0.2689029276371002,"y":-0.6273391246795654,"z":0.24498620629310609,"w":-0.68856281042099},"size":21.1293888092041,"orthographic":false}