{"cameraMode":{"drawMode":0,"name":"Shaded","section":"Shading Mode"},"sceneLighting":true,"audioPlay":false,"sceneViewState":{"showFog":true,"showMaterialUpdate":true,"showSkybox":true,"showFlares":true,"showImageEffects":true,"showParticleSystems":true},"in2DMode":false,"pivot":{"x":73.36406707763672,"y":48.239227294921878,"z":189.16445922851563},"rotation":{"x":-0.1020805612206459,"y":-0.8658201694488525,"z":0.19707812368869782,"w":-0.44843658804893496},"size":196.2020263671875,"orthographic":false}